﻿<?xml version="1.0" encoding="utf-8"?>
<?xml-stylesheet type="text/xsl" href="c:\program files (x86)\microsoft visual studio 14.0\team tools\static analysis tools\fxcop\Xml\CodeAnalysisReport.xsl"?>
<FxCopReport Version="14.0">
 <Targets>
  <Target Name="C:\Users\AK51813\AppData\Local\Temp\tmp9E98.tmp.cadir\bin\App_Code.dll">
   <Modules>
    <Module Name="app_code.dll">
     <Namespaces>
      <Namespace Name="">
       <Types>
        <Type Name="DataConnection" Kind="Class" Accessibility="Public" ExternallyVisible="True">
         <Messages>
          <Message TypeName="TypesThatOwnDisposableFieldsShouldBeDisposable" Category="Microsoft.Design" CheckId="CA1001" Status="Active" Created="2016-11-07 16:18:29Z" FixCategory="DependsOnFix">
           <Issue Name="DependsOnFix" Certainty="95" Level="CriticalError">Implémenter IDisposable sur 'DataConnection' car il crée des membres des types IDisposable suivants : 'SqlConnection'. Si 'DataConnection' existait précédemment, le fait d'ajouter de nouveaux membres qui implémentent IDisposable pour ce type est considéré comme une modification avec rupture pour les utilisateurs existants.</Issue>
          </Message>
         </Messages>
         <Members>
          <Member Name="#ExecuteNonQuery(System.String,ParametersList)" Kind="Method" Static="False" Accessibility="Private" ExternallyVisible="False">
           <Messages>
            <Message TypeName="Vérifier si les requêtes SQL présentent des failles de sécurité" Category="Microsoft.Security" CheckId="CA2100" Status="Active" Created="2016-11-07 16:18:29Z" FixCategory="DependsOnFix">
             <Issue Name="WithNonLiterals" Certainty="75" Level="Warning" Path="c:\temp\Argue\Argue\App_Code\TO" File="DataConnection.cs" Line="446">La chaîne de requête passée en 'SqlCommand.SqlCommand(string, SqlConnection)' dans 'DataConnection.ExecuteNonQuery(string, ParametersList)' n'a pas pu contenir les variables 'StoredProcedure' suivantes. Si ces variables proviennent d'entrées d'utilisateur, utilisez une procédure stockée ou une requête SQL paramétrable au lieu de générer la requête à l'aide de concaténations de chaîne.</Issue>
            </Message>
           </Messages>
          </Member>
          <Member Name="#ExecuteRequest(System.String,ParametersList)" Kind="Method" Static="False" Accessibility="Private" ExternallyVisible="False">
           <Messages>
            <Message TypeName="Vérifier si les requêtes SQL présentent des failles de sécurité" Category="Microsoft.Security" CheckId="CA2100" Status="Active" Created="2016-11-07 16:18:29Z" FixCategory="DependsOnFix">
             <Issue Name="WithNonLiterals" Certainty="75" Level="Warning" Path="c:\temp\Argue\Argue\App_Code\TO" File="DataConnection.cs" Line="106">La chaîne de requête passée en 'SqlCommand.SqlCommand(string, SqlConnection)' dans 'DataConnection.ExecuteRequest(string, ParametersList)' n'a pas pu contenir les variables 'StoredProcedure' suivantes. Si ces variables proviennent d'entrées d'utilisateur, utilisez une procédure stockée ou une requête SQL paramétrable au lieu de générer la requête à l'aide de concaténations de chaîne.</Issue>
            </Message>
           </Messages>
          </Member>
          <Member Name="#ExecuteScalar(System.String,ParametersList)" Kind="Method" Static="False" Accessibility="Private" ExternallyVisible="False">
           <Messages>
            <Message TypeName="Vérifier si les requêtes SQL présentent des failles de sécurité" Category="Microsoft.Security" CheckId="CA2100" Status="Active" Created="2016-11-07 16:18:29Z" FixCategory="DependsOnFix">
             <Issue Name="WithNonLiterals" Certainty="75" Level="Warning" Path="c:\temp\Argue\Argue\App_Code\TO" File="DataConnection.cs" Line="357">La chaîne de requête passée en 'SqlCommand.SqlCommand(string, SqlConnection)' dans 'DataConnection.ExecuteScalar(string, ParametersList)' n'a pas pu contenir les variables 'StoredProcedure' suivantes. Si ces variables proviennent d'entrées d'utilisateur, utilisez une procédure stockée ou une requête SQL paramétrable au lieu de générer la requête à l'aide de concaténations de chaîne.</Issue>
            </Message>
           </Messages>
          </Member>
         </Members>
        </Type>
        <Type Name="ParametersList" Kind="Class" Accessibility="Public" ExternallyVisible="True">
         <Messages>
          <Message TypeName="MarkISerializableTypesWithSerializable" Category="Microsoft.Usage" CheckId="CA2237" Status="Active" Created="2016-11-07 16:18:29Z" FixCategory="NonBreaking">
           <Issue Certainty="75" Level="Warning">Ajoutez [Serializable] à 'ParametersList', car ce type implémente ISerializable.</Issue>
          </Message>
         </Messages>
        </Type>
       </Types>
      </Namespace>
     </Namespaces>
    </Module>
   </Modules>
  </Target>
 </Targets>
 <Rules>
  <Rule TypeName="MarkISerializableTypesWithSerializable" Category="Microsoft.Usage" CheckId="CA2237">
   <Name>Marquer les types ISerializable avec SerializableAttribute</Name>
   <Description>L'interface System.Runtime.Serialization.ISerializable permet au type de personnaliser sa sérialisation tandis que l'attribut Serializable offre la possibilité au Common Language Runtime de reconnaître le type comme élément sérialisable.</Description>
   <Resolution Name="Default">Ajoutez [Serializable] à {0}, car ce type implémente ISerializable.</Resolution>
   <Owner />
   <Url>http://msdn.microsoft.com/library/ms182350.aspx</Url>
   <Email>[none]</Email>
   <MessageLevel Certainty="75">Warning</MessageLevel>
   <File Name="usagerules.dll" Version="14.0.0.0" />
  </Rule>
  <Rule TypeName="TypesThatOwnDisposableFieldsShouldBeDisposable" Category="Microsoft.Design" CheckId="CA1001">
   <Name>Les types qui possèdent des champs supprimables doivent être supprimables</Name>
   <Description>Les types qui déclarent des membres supprimables doivent également implémenter IDisposable. Si le type ne possède aucune ressource non managée, n'implémentez pas de finaliseur sur celui-ci.</Description>
   <Resolution Name="DependsOnFix">Implémenter IDisposable sur {0} car il crée des membres des types IDisposable suivants : {1}. Si {0} existait précédemment, le fait d'ajouter de nouveaux membres qui implémentent IDisposable pour ce type est considéré comme une modification avec rupture pour les utilisateurs existants.</Resolution>
   <Owner />
   <Url>http://msdn.microsoft.com/library/ms182172.aspx</Url>
   <Email>[none]</Email>
   <MessageLevel Certainty="95">CriticalError</MessageLevel>
   <File Name="designrules.dll" Version="14.0.0.0" />
  </Rule>
  <Rule TypeName="Vérifier si les requêtes SQL présentent des failles de sécurité" Category="Microsoft.Security" CheckId="CA2100">
   <Name>Vérifier si les requêtes SQL présentent des failles de sécurité</Name>
   <Description>Une chaîne de commande SQL générée par une entrée d'utilisateur est vulnérable aux attaques par injection de code SQL. Microsoft SQL Server ainsi que d'autres serveurs de base de données prennent en charge les procédures stockées et les requêtes SQL paramétrables, qui réduisent les risques de telles attaques.</Description>
   <Resolution Name="WithNonLiterals">La chaîne de requête passée en {0} dans {1} n'a pas pu contenir les variables {2} suivantes. Si ces variables proviennent d'entrées d'utilisateur, utilisez une procédure stockée ou une requête SQL paramétrable au lieu de générer la requête à l'aide de concaténations de chaîne.</Resolution>
   <Owner>RuleOwner</Owner>
   <Url>http://msdn.microsoft.com/library/ms182310.aspx</Url>
   <Email />
   <MessageLevel Certainty="75">Warning</MessageLevel>
   <File Name="dataflowrules.dll" Version="14.0.0.0" />
  </Rule>
 </Rules>
 <Localized>
  <String Key="Category">Catégorie</String>
  <String Key="Certainty">Certitude</String>
  <String Key="CollapseAll">Réduire tout</String>
  <String Key="CheckId">ID de contrôle</String>
  <String Key="Error">Erreur</String>
  <String Key="Errors">erreur(s)</String>
  <String Key="ExpandAll">Développer tout</String>
  <String Key="Help">Aide</String>
  <String Key="Line">Ligne</String>
  <String Key="Messages">message(s)</String>
  <String Key="LocationNotStoredInPdb">[Emplacement non stocké dans le fichier Pdb]</String>
  <String Key="Project">Projet</String>
  <String Key="Resolution">Résolution</String>
  <String Key="Rule">Règle</String>
  <String Key="RuleFile">Fichier de règles</String>
  <String Key="RuleDescription">Description de la règle</String>
  <String Key="Source">Source</String>
  <String Key="Status">État</String>
  <String Key="Target">Cible</String>
  <String Key="Warning">Avertissement</String>
  <String Key="Warnings">avertissement(s)</String>
  <String Key="ReportTitle">Rapport d'analyse du code</String>
 </Localized>
</FxCopReport>
